{
  "6140666279355733": {
    "namebox": "⚔💀 ملوك الضلام 💀⚔",
    "status": true
  },
  "6506771886111019": {
    "namebox": "فريـق‌🇭‌🇦‌🇨‌🇭‌🇮‌🇷‌🇦ممنوع السب قدام لين",
    "status": true
  },
  "7165135193549206": {
    "namebox": "hi",
    "status": true
  },
  "6923781001021850": {
    "namebox": "نـــــــٌآًسًــــــــخـــــــ",
    "status": true
  },
  "5618214411569454": {
    "namebox": "Group Wsf",
    "status": true
  },
  "4390079687768246": {
    "namebox": "㊗️Bleach⚜souls㊗️",
    "status": true
  },
  "7460770400606097": {
    "namebox": "M-SyR_",
    "status": true
  },
  "7184012308276896": {
    "namebox": "9hab",
    "status": true
  },
  "7120606291284982": {
    "namebox": "🧊『 𝐺𝑟𝑒𝑎𝑡 𝑓𝑟𝑖𝑒𝑛𝑑𝑠 』🧊",
    "status": true
  },
  "6912158128833747": {
    "namebox": "𝐒𝐎𝐍𝐆 <3`",
    "status": true
  },
  "7227792443909065": {
    "namebox": "https://www.facebook.com/profile.php?id=61553357888181",
    "status": true
  },
  "7238194009546715": {
    "namebox": "ⓙⓢⓙⓓⓙⓑⓓⓑⓓⓑⓓⓑⓑ",
    "status": true
  },
  "6879559692132491": {
    "namebox": "♤ Choujin X ♤",
    "status": true
  },
  "6928586533846178": {
    "namebox": "AI",
    "status": true
  },
  "6917030701737180": {
    "namebox": "ايزانا دير ميزة",
    "status": true
  },
  "4155290184575875": {
    "namebox": "𝗧𝗵𝗲 𝗕𝗲𝘀𝘁 𝗕𝗿𝗼𝘁𝗵𝗲𝗿𝘀",
    "status": true
  },
  "6791180520933203": {
    "namebox": "ฅ^•ﻌ•^ฅ",
    "status": true
  },
  "7453904201290330": {
    "namebox": "❤️❤️❤️",
    "status": true
  },
  "7023845154348857": {
    "namebox": "▄▄▄▄▄▄▄▄",
    "status": true
  },
  "4803899149733977": {
    "namebox": "chat bot",
    "status": true
  },
  "6605491646187263": {
    "namebox": "ت",
    "status": true
  },
  "6735202963207254": {
    "namebox": "3GM",
    "status": true
  },
  "5804906479609458": {
    "namebox": "⳹❤️𝑱𝒖𝑺𝒕 𝒈𝒓𝒐𝒖𝒑𝑬 𝒇𝒆𝒆𝑵🥺⳼",
    "status": true
  },
  "7477986928896994": {
    "namebox": "🌚كيف قمرة مدوية لي ليلي💍🙄 وحيد القرن",
    "status": true
  },
  "24033281419620670": {
    "namebox": "BOT WSF",
    "status": true
  },
  "6916592725072385": {
    "namebox": "Just A Group¹",
    "status": true
  },
  "6885617361527192": {
    "namebox": "Shelly *~*",
    "status": true
  },
  "6760889904026702": {
    "namebox": "test",
    "status": true
  },
  "7110692138953686": {
    "namebox": "𝚌𝚑𝚊𝚝 𝚋𝚘𝚝 𝚌𝚘𝚖𝚞𝚗𝚒𝚝𝚢",
    "status": false
  },
  "6846496585387527": {
    "namebox": "مافيش قوانين",
    "status": true
  },
  "24340331468914707": {
    "namebox": "الكسولات",
    "status": true
  },
  "7675953409086239": {
    "namebox": "Shelly w xeun",
    "status": true
  },
  "6622658854511568": {
    "namebox": "Brother From Another Mother ❤❤",
    "status": true
  },
  "24350235454591477": {
    "namebox": "اول متسابق",
    "status": true
  },
  "6714942818604578": {
    "namebox": "⌘【 نـقـابــة - ريــنون 】⌘",
    "status": true
  },
  "9179891002083147": {
    "namebox": "اوتاكوو مفيا 🔪🔪",
    "status": true
  },
  "6698999686847984": {
    "namebox": "✨👻البيت المحوي👻✨ نكمك",
    "status": true
  },
  "6573666692732141": {
    "namebox": "🤍🦋محبين الانمى 🦋🤍",
    "status": true
  },
  "6922199391174761": {
    "namebox": "💀⃟⃢🕯️✰ཽﺻـمـﺂيـڪــᬼٰٰةŤøp❶💫",
    "status": true
  },
  "9627800393957776": {
    "namebox": "𝑺𝑶𝑼𝑳 𝑺𝑶𝑪𝑰𝑬𝑻𝒀",
    "status": true
  },
  "24414548254827325": {
    "namebox": "فلسطين مزة 🖤🤍❤️",
    "status": true
  },
  "24307003585612858": {
    "namebox": "تدخل سيليبتار 💔 تخرج سيليبتار 😆😹",
    "status": true
  },
  "7088840387804441": {
    "namebox": "🫶🏻🥹hir hnaaa🫶🏻🥹",
    "status": true
  },
  "6426186904159667": {
    "namebox": "❤❤",
    "status": true
  },
  "7058324717547539": {
    "namebox": "قروب اليوم للتنمر برعاية كل يوم حكاية مع عمكم اندومي ☕✨",
    "status": true
  },
  "6765417923537180": {
    "namebox": "الهوتيل",
    "status": true
  },
  "6330416783718241": {
    "namebox": "✨[فيلق]_[الذئاب] ✨",
    "status": true
  },
  "7458059267556778": {
    "namebox": "آتٌقُوٌ يَوٌمً تٌرجّعٌوٌنِ فُيَهّ آلَﮯ آلَلَهّ ♥",
    "status": true
  },
  "6952017698192522": {
    "namebox": "✨قࢪوب الملوڪ✨",
    "status": true
  },
  "6867805116588508": {
    "namebox": "ڤروووب لحباب تغلط تخرج من باب 😹😹😹",
    "status": true
  },
  "9645525698854425": {
    "namebox": "أحلى قروب 🫶🥰",
    "status": true
  },
  "6854893944604764": {
    "namebox": "مقهى اوتاكو",
    "status": true
  },
  "6965383893494779": {
    "namebox": "⚜️[فيلق]_[الاستكشاف]⚜️",
    "status": true
  },
  "6389018711161764": {
    "namebox": "💞♔🐸  𝓜ôøñ𝐋îᎶĦt☠️  ♟⛵♪",
    "status": true
  },
  "6685856144830283": {
    "namebox": "Grills",
    "status": true
  },
  "7340030459364449": {
    "namebox": "نـايـــــــــــــــــــــــــــــــس💘🥹",
    "status": true
  },
  "6650852908286541": {
    "namebox": "َ\nٕ\nٕ\nٕ",
    "status": true
  },
  "24160322010277792": {
    "namebox": "✨قراصنة",
    "status": true
  },
  "7421711441179159": {
    "namebox": "العائلة الكريمة 😂🤔",
    "status": true
  },
  "6312992438805476": {
    "namebox": "مجموعة مجانين 👀💔✨",
    "status": true
  },
  "24356520447329436": {
    "namebox": "group sur change lmalal",
    "status": true
  },
  "6918591858221055": {
    "namebox": "🙂🍷",
    "status": true
  },
  "6193447797404532": {
    "namebox": "مجانين الأرض 🙂💔",
    "status": true
  },
  "6923200507747030": {
    "namebox": "💗🔫😼",
    "status": true
  },
  "6715206768598352": {
    "namebox": "💀😑Ꭿ ᏁᎥᎷᎬ ᏔᎯ Ꭱ😑💀",
    "status": true
  },
  "6843454685723874": {
    "namebox": "💖 مملكه الأصدقاء 🥰",
    "status": true
  },
  "5855268841251272": {
    "namebox": "تخش سنقل تتطلع محشش 🚬",
    "status": true
  },
  "7427539073946747": {
    "namebox": "GROuB WSaFU 🥹🍆",
    "status": true
  },
  "6378776305552373": {
    "namebox": "زوجات ابو عبيدة روسي 🤙🤠",
    "status": true
  },
  "6576437985745782": {
    "namebox": "Hahaha",
    "status": true
  },
  "7037398392985783": {
    "namebox": "فوج قبل متزوج",
    "status": true
  },
  "5820157374759543": {
    "namebox": "☠️مِےــمِےـلَكےـة ٱلَظٌےـلَٱمِےـ☠️",
    "status": true
  },
  "24512451281679406": {
    "namebox": "✰ sɪɢᴍᴀ ᴍᴇɴ ✰",
    "status": true
  },
  "6387962634632267": {
    "namebox": "قروب وخلاص 🤷‍♂️",
    "status": true
  },
  "6530685210381742": {
    "namebox": "مجموعة جدع مشترك للعلميات والادبيات 📚",
    "status": true
  }
}