[
  {
    "senderID": "100052116337880",
    "money": 10000
  },
  {
    "senderID": "61551857494671",
    "money": 5000000
  },
  {
    "senderID": "100076476705238",
    "money": 534
  },
  {
    "senderID": "100075085058816",
    "money": 68000
  },
  {
    "senderID": "100050551321856",
    "money": 0
  },
  {
    "senderID": "100053127248589",
    "money": 0
  },
  {
    "senderID": "100090976963843",
    "money": 19500
  },
  {
    "senderID": "100074095910411",
    "money": 28051
  },
  {
    "senderID": "100027474968357",
    "money": 569
  },
  {
    "senderID": "100046702997502",
    "money": 2000
  },
  {
    "senderID": "100051915143709",
    "money": 13386607
  },
  {
    "senderID": "61551726576543",
    "money": 0
  },
  {
    "senderID": "100093264166507",
    "money": 6200
  },
  {
    "senderID": "100083012168835",
    "money": 50
  },
  {
    "senderID": "100040531241992",
    "money": 0
  },
  {
    "senderID": "100078257648733",
    "money": 101501771040090
  },
  {
    "senderID": "100069206000332",
    "money": 105938151248174960000
  },
  {
    "senderID": "100065423047594",
    "money": null
  },
  {
    "senderID": "100091523874122",
    "money": 0
  },
  {
    "senderID": "100061089512442",
    "money": 1
  },
  {
    "senderID": "100091517929188",
    "money": null
  },
  {
    "senderID": "100093401478276",
    "money": 10000
  },
  {
    "senderID": "100001058181855",
    "money": 0
  },
  {
    "senderID": "100056189140555",
    "money": 100000100006333230
  },
  {
    "senderID": "100094201759137",
    "money": 1000
  },
  {
    "senderID": "61551897631999",
    "money": 0
  },
  {
    "senderID": "61552921515238",
    "money": 1000
  },
  {
    "senderID": "100072430821772",
    "money": 0
  },
  {
    "senderID": "100057153814373",
    "money": 1040216927
  },
  {
    "senderID": "100055179674904",
    "money": 19999999998
  },
  {
    "senderID": "100085391001947",
    "money": 500
  },
  {
    "senderID": "100091587861834",
    "money": 0
  }
]